Date,Mean Flow,Coeff Var,Tqmean,R-B Index,Station
1969-10-01,1298.0,139.26300842487078,0.25806451612903225,0.32347532183508126,Wildcat
1969-11-01,1675.8333333333333,88.04690927532039,0.3,0.22544007956240678,Wildcat
1969-12-01,552.1935483870968,32.11664983442299,0.4838709677419355,0.07465825446898001,Wildcat
1970-01-01,428.7741935483871,115.90401647447395,0.12903225806451613,0.2190791453505868,Wildcat
1970-02-01,588.6071428571429,43.67353386882017,0.32142857142857145,0.10751774770948365,Wildcat
1970-03-01,886.6774193548387,72.60561231882113,0.3548387096774194,0.23873103648997707,Wildcat
1970-04-01,2097.633333333333,88.90652218825299,0.4,0.31751656628899233,Wildcat
1970-05-01,1481.1290322580646,66.32438982484793,0.3225806451612903,0.26113470543395406,Wildcat
1970-06-01,353.3,32.28252943093299,0.43333333333333335,0.0525521275592037,Wildcat
1970-07-01,511.48387096774195,132.4525706525798,0.1935483870967742,0.3705852674066599,Wildcat
1970-08-01,489.0967741935484,97.90794170035441,0.3225806451612903,0.29600316580926,Wildcat
1970-09-01,243.56666666666666,71.55019101025252,0.23333333333333334,0.1665526207745997,Wildcat
1970-10-01,450.2258064516129,47.26058267569173,0.3548387096774194,0.1652934011607079,Wildcat
1970-11-01,603.4333333333333,37.87938054865819,0.3,0.1671546152571397,Wildcat
1970-12-01,439.5483870967742,16.776106852304345,0.41935483870967744,0.06649053280493175,Wildcat
1971-01-01,298.7096774193548,46.1978302522712,0.41935483870967744,0.11771058315334773,Wildcat
1971-02-01,1812.142857142857,96.47234883536653,0.4642857142857143,0.34942845880961765,Wildcat
1971-03-01,1169.0645161290322,56.984785674963426,0.3870967741935484,0.19762147843602548,Wildcat
1971-04-01,309.6333333333333,24.568080492283766,0.3,0.04413822801162665,Wildcat
1971-05-01,745.9677419354839,110.52909444473356,0.25806451612903225,0.38845405405405403,Wildcat
1971-06-01,721.4333333333333,123.99406859008235,0.2,0.5470128910040197,Wildcat
1971-07-01,263.93548387096774,59.521702531545806,0.22580645161290322,0.2219506233194818,Wildcat
1971-08-01,176.5483870967742,52.390320605570714,0.1935483870967742,0.21231500091357575,Wildcat
1971-09-01,339.56666666666666,114.91498957519059,0.23333333333333334,0.5069205850593894,Wildcat
1971-10-01,185.61290322580646,27.93113434109275,0.3548387096774194,0.08359402155022592,Wildcat
1971-11-01,137.76666666666668,9.762134265501082,0.43333333333333335,0.04500362932494556,Wildcat
1971-12-01,1460.6129032258063,92.80396159869642,0.3870967741935484,0.29457364341085274,Wildcat
1972-01-01,728.4516129032259,37.84257853183716,0.3870967741935484,0.1115933044017359,Wildcat
1972-02-01,298.2758620689655,19.208489707889274,0.3793103448275862,0.07560693641618497,Wildcat
1972-03-01,386.258064516129,38.960905143265684,0.3225806451612903,0.14264239184900618,Wildcat
1972-04-01,2838.9,90.22714236914786,0.3,0.28965444362252984,Wildcat
1972-05-01,644.2903225806451,35.90655932173095,0.5161290322580645,0.10609322585490412,Wildcat
1972-06-01,616.9333333333333,85.23249698369582,0.3,0.30597579425113464,Wildcat
1972-07-01,428.4193548387097,56.33916240563348,0.3548387096774194,0.2813041186657631,Wildcat
1972-08-01,159.83870967741936,21.046434636724207,0.4838709677419355,0.11644803229061554,Wildcat
1972-09-01,749.9333333333333,161.07511517416268,0.2,0.29047026402346876,Wildcat
1972-10-01,1082.032258064516,62.343513635503086,0.3225806451612903,0.21196672927287363,Wildcat
1972-11-01,2244.733333333333,63.27291100287859,0.3333333333333333,0.24270143446883075,Wildcat
1972-12-01,1646.8064516129032,73.8446534831944,0.25806451612903225,0.29874047521106345,Wildcat
1973-01-01,1380.6129032258063,70.77291902923952,0.3225806451612903,0.2146779130353513,Wildcat
1973-02-01,1014.7142857142857,76.39521017902231,0.32142857142857145,0.1808390820779952,Wildcat
1973-03-01,2752.6129032258063,55.023962182157945,0.4838709677419355,0.21431836026766357,Wildcat
1973-04-01,1390.6666666666667,51.57527983537777,0.36666666666666664,0.174856184084372,Wildcat
1973-05-01,503.48387096774195,22.334487751077184,0.45161290322580644,0.08136852895950794,Wildcat
1973-06-01,1127.3333333333333,74.17998226950766,0.3,0.3295091661738616,Wildcat
1973-07-01,350.3225806451613,60.61401801105413,0.3225806451612903,0.22375690607734808,Wildcat
1973-08-01,782.0967741935484,140.99463727201058,0.22580645161290322,0.3357805733140854,Wildcat
1973-09-01,168.4,15.926037646012983,0.36666666666666664,0.06096595407759303,Wildcat
1973-10-01,217.03225806451613,34.75239424781857,0.3225806451612903,0.12024375743162902,Wildcat
1973-11-01,1048.3666666666666,158.74721751730632,0.2,0.19627356840799975,Wildcat
1973-12-01,2084.1612903225805,116.54340430970633,0.25806451612903225,0.27562723459579935,Wildcat
1974-01-01,3711.2903225806454,96.31979435422517,0.41935483870967744,0.22746631899174272,Wildcat
1974-02-01,1452.9642857142858,48.25991042221599,0.32142857142857145,0.2004768576555318,Wildcat
1974-03-01,1800.5806451612902,85.61354573466606,0.2903225806451613,0.2326847970188828,Wildcat
1974-04-01,1973.2,81.96742583147923,0.36666666666666664,0.16107507264004325,Wildcat
1974-05-01,2035.032258064516,75.45585270392931,0.3870967741935484,0.21570554481184415,Wildcat
1974-06-01,1295.8,81.03158695410409,0.3,0.4124607706950661,Wildcat
1974-07-01,304.4193548387097,38.95160116257536,0.3870967741935484,0.052876973614496135,Wildcat
1974-08-01,201.51612903225808,70.44437153690491,0.22580645161290322,0.2674883944293261,Wildcat
1974-09-01,166.56666666666666,20.487417813446896,0.4,0.07884730838503101,Wildcat
1974-10-01,148.83870967741936,20.08057923087428,0.3548387096774194,0.09189423493714781,Wildcat
1974-11-01,179.2,14.624222192516816,0.5,0.07105654761904762,Wildcat
1974-12-01,533.483870967742,64.86859079656845,0.3870967741935484,0.24573709033740476,Wildcat
1975-01-01,1320.4516129032259,94.36175226853443,0.2903225806451613,0.35261640689891044,Wildcat
1975-02-01,1785.642857142857,101.6772728084901,0.25,0.26761070442817714,Wildcat
1975-03-01,908.7741935483871,38.10560166247125,0.3225806451612903,0.13509867953996876,Wildcat
1975-04-01,909.4,62.53033756443003,0.4,0.20724287075727585,Wildcat
1975-05-01,1296.1290322580646,103.71993544619522,0.2903225806451613,0.2944748631159781,Wildcat
1975-06-01,1022.8,59.184724560086224,0.3,0.27450788684656496,Wildcat
1975-07-01,343.96774193548384,81.82525465152798,0.25806451612903225,0.26427834568132796,Wildcat
1975-08-01,626.6451612903226,154.73439292739025,0.16129032258064516,0.5759806444970658,Wildcat
1975-09-01,373.1333333333333,71.93637089297023,0.26666666666666666,0.165267107378953,Wildcat
1975-10-01,199.51612903225808,17.97151662786709,0.3225806451612903,0.09765561843168957,Wildcat
1975-11-01,194.93333333333334,38.320942227354024,0.2,0.11456908344733242,Wildcat
1975-12-01,904.8709677419355,93.58805051227958,0.25806451612903225,0.31827742326476777,Wildcat
1976-01-01,562.2903225806451,49.09525497141398,0.3870967741935484,0.19293213240777923,Wildcat
1976-02-01,3226.896551724138,90.6173707563934,0.4482758620689655,0.31972643727292155,Wildcat
1976-03-01,1481.1290322580646,89.78057004417074,0.22580645161290322,0.22933681803332245,Wildcat
1976-04-01,391.96666666666664,20.247655418187225,0.4,0.03818351900671826,Wildcat
1976-05-01,230.83870967741936,18.495311087599926,0.6129032258064516,0.049189491335941866,Wildcat
1976-06-01,803.5,125.49714410435766,0.23333333333333334,0.4014934660858743,Wildcat
1976-07-01,632.9354838709677,90.03318344912837,0.3225806451612903,0.3027368635645482,Wildcat
1976-08-01,163.48387096774192,24.115483086709013,0.3870967741935484,0.09273875295974743,Wildcat
1976-09-01,115.8,9.285306961201103,0.5,0.0535405872193437,Wildcat
1976-10-01,122.96774193548387,24.605813114705274,0.3870967741935484,0.11437565582371459,Wildcat
1976-11-01,113.36666666666666,6.200599313312003,0.5,0.02999117906498089,Wildcat
1976-12-01,94.80645161290323,22.438861075416767,0.6451612903225806,0.06736985369173189,Wildcat
1977-01-01,61.645161290322584,3.177400469319421,0.41935483870967744,0.014652014652014652,Wildcat
1977-02-01,241.10714285714286,74.45387476396445,0.35714285714285715,0.24618575025922085,Wildcat
1977-03-01,944.9677419354839,65.40310733653794,0.3870967741935484,0.3121799685942514,Wildcat
1977-04-01,662.7666666666667,61.8268413638973,0.3333333333333333,0.162249157571795,Wildcat
1977-05-01,409.64516129032256,72.07887510644522,0.3548387096774194,0.14764942121426883,Wildcat
1977-06-01,129.96666666666667,23.326082035170202,0.4666666666666667,0.08335470633495769,Wildcat
1977-07-01,84.41935483870968,26.151344794773053,0.41935483870967744,0.09323653037829575,Wildcat
1977-08-01,514.3225806451613,94.05627277695706,0.2903225806451613,0.41150275965880584,Wildcat
1977-09-01,461.06666666666666,108.41184276623355,0.23333333333333334,0.2445777906304222,Wildcat
1977-10-01,1182.0967741935483,121.20219756906738,0.2903225806451613,0.24502660663119116,Wildcat
1977-11-01,342.3333333333333,11.454951986758749,0.4666666666666667,0.05248296007789679,Wildcat
1977-12-01,2190.483870967742,88.46890784082595,0.3225806451612903,0.2050364479787939,Wildcat
1978-01-01,388.80645161290323,29.14349478726844,0.5161290322580645,0.06064880112834979,Wildcat
1978-02-01,224.46428571428572,6.6228906799155896,0.5714285714285714,0.023070803500397773,Wildcat
1978-03-01,3471.8709677419356,97.0114853172582,0.4838709677419355,0.2131880179878842,Wildcat
1978-04-01,1878.9333333333334,57.2308519587711,0.36666666666666664,0.2565285268237298,Wildcat
1978-05-01,1096.3548387096773,56.23902288763517,0.3870967741935484,0.19310324535851944,Wildcat
1978-06-01,985.1333333333333,194.30469447369148,0.2,0.6510117073830953,Wildcat
1978-07-01,916.1935483870968,120.80064751468491,0.2903225806451613,0.34303922258995845,Wildcat
1978-08-01,228.5483870967742,72.22701959628348,0.1935483870967742,0.23514467184191956,Wildcat
1978-09-01,130.06666666666666,29.440226801160698,0.3,0.057662737057919015,Wildcat
1978-10-01,108.70967741935483,9.907975877145152,0.45161290322580644,0.0486646884272997,Wildcat
1978-11-01,173.96666666666667,49.44063072384953,0.43333333333333335,0.20731940984863,Wildcat
1978-12-01,300.64516129032256,49.79308127434787,0.3225806451612903,0.18261802575107297,Wildcat
1979-01-01,463.4193548387097,103.74106933577312,0.22580645161290322,0.18585549213420577,Wildcat
1979-02-01,874.2857142857143,185.0249531066102,0.21428571428571427,0.5473856209150327,Wildcat
1979-03-01,1952.6774193548388,76.07435273773281,0.2903225806451613,0.2777658467282309,Wildcat
1979-04-01,1612.4666666666667,74.19908439978691,0.3333333333333333,0.2534212593541985,Wildcat
1979-05-01,457.5806451612903,28.23355272630803,0.4838709677419355,0.0836799436023969,Wildcat
1979-06-01,245.16666666666666,23.664185176351545,0.5,0.104418762746431,Wildcat
1979-07-01,1079.1935483870968,131.02102055873783,0.25806451612903225,0.5834404423852937,Wildcat
1979-08-01,769.2258064516129,82.97587170134952,0.2903225806451613,0.2488467667533339,Wildcat
1979-09-01,144.03333333333333,34.64971788618087,0.3333333333333333,0.045591298310576255,Wildcat
1979-10-01,197.3548387096774,33.627718295699204,0.3870967741935484,0.14105916966328866,Wildcat
1979-11-01,764.1,91.85197568662599,0.2,0.20765170352920648,Wildcat
1979-12-01,814.0645161290323,75.85793847125741,0.3548387096774194,0.20209224916785545,Wildcat
1980-01-01,476.0967741935484,22.824149027986472,0.5483870967741935,0.06497730198522936,Wildcat
1980-02-01,572.2758620689655,117.37151642071436,0.2413793103448276,0.30525427813931066,Wildcat
1980-03-01,2115.8387096774195,61.924682118754895,0.4838709677419355,0.2813190834108338,Wildcat
1980-04-01,1655.8333333333333,55.23045369031411,0.5,0.20257674886763966,Wildcat
1980-05-01,436.19354838709677,30.451634287794267,0.45161290322580644,0.15781689099245674,Wildcat
1980-06-01,2565.2,127.60055136361932,0.3,0.33313841675762773,Wildcat
1980-07-01,284.51612903225805,27.604448194042185,0.41935483870967744,0.1875283446712018,Wildcat
1980-08-01,497.93548387096774,111.16583862526437,0.25806451612903225,0.4137082145633584,Wildcat
1980-09-01,187.2,35.78892118130526,0.23333333333333334,0.18233618233618235,Wildcat
1980-10-01,138.96774193548387,11.820420680947398,0.3870967741935484,0.054549675023212625,Wildcat
1980-11-01,135.7,34.83558156659896,0.13333333333333333,0.11176615082289364,Wildcat
1980-12-01,146.74193548387098,15.64804295364444,0.3548387096774194,0.048801934491096946,Wildcat
1981-01-01,133.93548387096774,10.651665823867232,0.45161290322580644,0.02745664739884393,Wildcat
1981-02-01,654.9285714285714,77.2511008927138,0.42857142857142855,0.20662013305704002,Wildcat
1981-03-01,289.9032258064516,40.76325226949489,0.41935483870967744,0.06598419939913208,Wildcat
1981-04-01,663.2666666666667,78.97106931081068,0.4,0.22977183636546386,Wildcat
1981-05-01,1950.8064516129032,68.50561580763345,0.3225806451612903,0.2415212897891691,Wildcat
1981-06-01,661.3,43.01652899077027,0.43333333333333335,0.21301476888956097,Wildcat
1981-07-01,306.03225806451616,73.44118430248704,0.1935483870967742,0.19447665226098873,Wildcat
1981-08-01,803.7096774193549,213.57243631141932,0.16129032258064516,0.4900662251655629,Wildcat
1981-09-01,1311.4666666666667,100.42071008783633,0.3333333333333333,0.3102887352582351,Wildcat
1981-10-01,702.483870967742,65.13420334590714,0.3225806451612903,0.20934931349589017,Wildcat
1981-11-01,525.0666666666667,28.259484632003236,0.4,0.1095733875063484,Wildcat
1981-12-01,625.258064516129,80.20283435995073,0.2903225806451613,0.19001186606820408,Wildcat
1982-01-01,1351.3870967741937,107.24843057128301,0.25806451612903225,0.4719165493041797,Wildcat
1982-02-01,2129.464285714286,85.17549641289476,0.4642857142857143,0.2470440251572327,Wildcat
1982-03-01,3991.2903225806454,54.052096442206434,0.41935483870967744,0.23494706215145883,Wildcat
1982-04-01,1692.6666666666667,77.64980852686057,0.26666666666666666,0.2747538400945254,Wildcat
1982-05-01,690.0967741935484,63.74757284661944,0.3225806451612903,0.18473332398448092,Wildcat
1982-06-01,1014.4333333333333,76.83229035392998,0.3333333333333333,0.2604409686853087,Wildcat
1982-07-01,367.19354838709677,43.025770036402164,0.3548387096774194,0.20952297285425633,Wildcat
1982-08-01,475.258064516129,114.59633245852126,0.22580645161290322,0.49765831806149463,Wildcat
1982-09-01,174.73333333333332,24.7194834467661,0.3,0.03758107592521938,Wildcat
1982-10-01,141.06451612903226,19.585655297182605,0.25806451612903225,0.07889320832380517,Wildcat
1982-11-01,410.1333333333333,76.78518431508256,0.3333333333333333,0.25788361508452534,Wildcat
1982-12-01,2196.3548387096776,75.91712001381649,0.3548387096774194,0.25806688501476055,Wildcat
1983-01-01,654.5806451612904,53.823498846947096,0.3225806451612903,0.08205204021289178,Wildcat
1983-02-01,636.8928571428571,48.77925565146936,0.25,0.1544888689508215,Wildcat
1983-03-01,545.4193548387096,58.05608028784237,0.2903225806451613,0.14543411402886208,Wildcat
1983-04-01,1728.0666666666666,48.78673489401906,0.4666666666666667,0.23365225107056056,Wildcat
1983-05-01,2613.935483870968,151.30091740791184,0.1935483870967742,0.41081301214335075,Wildcat
1983-06-01,577.0,50.064492721495114,0.3333333333333333,0.2169844020797227,Wildcat
1983-07-01,260.16129032258067,72.23703662297231,0.25806451612903225,0.13663980161190328,Wildcat
1983-08-01,146.90322580645162,21.591715708368355,0.3548387096774194,0.09090909090909091,Wildcat
1983-09-01,118.9,20.765591650075226,0.23333333333333334,0.08522567984300533,Wildcat
1983-10-01,181.96774193548387,55.33659254434385,0.22580645161290322,0.17408260946640666,Wildcat
1983-11-01,319.96666666666664,65.07251330781784,0.4,0.15001562662777373,Wildcat
1983-12-01,1342.1935483870968,80.87409898900341,0.3548387096774194,0.25562391847721594,Wildcat
1984-01-01,234.48387096774192,28.70207814989855,0.3548387096774194,0.04402256156280093,Wildcat
1984-02-01,1658.655172413793,108.63166529712929,0.3448275862068966,0.3183093906571589,Wildcat
1984-03-01,2271.548387096774,87.29943447055862,0.45161290322580644,0.21437700587917863,Wildcat
1984-04-01,1227.6666666666667,31.117249332020858,0.4666666666666667,0.16603312516969862,Wildcat
1984-05-01,1005.2903225806451,77.66985106042837,0.3548387096774194,0.2328969323578488,Wildcat
1984-06-01,501.53333333333336,45.20237804978774,0.36666666666666664,0.18669413797687093,Wildcat
1984-07-01,227.8709677419355,29.46514283608665,0.3870967741935484,0.07403737259343149,Wildcat
1984-08-01,186.41935483870967,42.960636825185176,0.2903225806451613,0.20332237411316836,Wildcat
1984-09-01,120.3,16.1395396888195,0.36666666666666664,0.08728179551122195,Wildcat
1984-10-01,175.67741935483872,41.88413640582269,0.3870967741935484,0.14047006977598236,Wildcat
1984-11-01,462.23333333333335,53.944947519843446,0.36666666666666664,0.23624432104997475,Wildcat
1984-12-01,673.4193548387096,59.84765679006845,0.3225806451612903,0.18111707223606055,Wildcat
1985-01-01,970.7096774193549,132.2396490682839,0.25806451612903225,0.22896450883955868,Wildcat
1985-02-01,2722.8571428571427,183.09913363622812,0.25,0.39034627492130114,Wildcat
1985-03-01,2134.7419354838707,64.62064958576077,0.4838709677419355,0.22158756063284826,Wildcat
1985-04-01,1208.9333333333334,73.97204369951804,0.36666666666666664,0.1748097496415573,Wildcat
1985-05-01,287.0,21.43560501357761,0.3870967741935484,0.07114757783522535,Wildcat
1985-06-01,294.3333333333333,55.7605807291947,0.3333333333333333,0.17044167610419025,Wildcat
1985-07-01,137.5483870967742,50.51515011654981,0.25806451612903225,0.1529080675422139,Wildcat
1985-08-01,250.16129032258064,74.80840643696057,0.3225806451612903,0.29916183107672467,Wildcat
1985-09-01,124.63333333333334,47.11416704256741,0.2,0.09708478202728002,Wildcat
1985-10-01,152.3548387096774,47.07925042651674,0.3870967741935484,0.13021384713106077,Wildcat
1985-11-01,2518.733333333333,107.38645053888027,0.43333333333333335,0.288121013207697,Wildcat
1985-12-01,1666.8387096774193,111.10337574179015,0.3225806451612903,0.3080585229911751,Wildcat
1986-01-01,313.64516129032256,59.158208390396204,0.3225806451612903,0.12043607939936234,Wildcat
1986-02-01,1098.142857142857,61.65081956534969,0.39285714285714285,0.23364121243658123,Wildcat
1986-03-01,1713.774193548387,75.74065193114266,0.2903225806451613,0.2855986598151599,Wildcat
1986-04-01,397.2,24.677350449598574,0.43333333333333335,0.033987915407854986,Wildcat
1986-05-01,1067.258064516129,42.860196089121075,0.3870967741935484,0.22414991688076166,Wildcat
1986-06-01,1090.8666666666666,105.901995614558,0.26666666666666666,0.2849110798753285,Wildcat
1986-07-01,791.1935483870968,91.6596783315603,0.2903225806451613,0.3963387287479105,Wildcat
1986-08-01,177.5483870967742,28.66665103587316,0.45161290322580644,0.05886627906976744,Wildcat
1986-09-01,155.36666666666667,50.691008367154446,0.36666666666666664,0.17034971036258315,Wildcat
1986-10-01,179.32258064516128,29.18487224218457,0.3548387096774194,0.11045152005756431,Wildcat
1986-11-01,168.3,26.179691561134945,0.2,0.04654387007328184,Wildcat
1986-12-01,283.38709677419354,16.22599338048038,0.41935483870967744,0.08002276607854297,Wildcat
1987-01-01,305.64516129032256,41.775623655554874,0.25806451612903225,0.11408970976253298,Wildcat
1987-02-01,527.1428571428571,46.018768196375234,0.42857142857142855,0.09844173441734418,Wildcat
1987-03-01,435.4193548387097,62.19345951703418,0.3225806451612903,0.13994665876426138,Wildcat
1987-04-01,405.26666666666665,55.429925286002515,0.3333333333333333,0.13916762625431814,Wildcat
1987-05-01,482.48387096774195,82.05224801362394,0.2903225806451613,0.2536604934144548,Wildcat
1987-06-01,354.6,67.14082171889707,0.26666666666666666,0.281443880428652,Wildcat
1987-07-01,256.83870967741933,63.68920922137905,0.3225806451612903,0.18362220547601105,Wildcat
1987-08-01,206.4516129032258,100.38994406383853,0.1935483870967742,0.305625,Wildcat
1987-09-01,134.6,20.41690446994111,0.4,0.10846953937592868,Wildcat
1987-10-01,104.29032258064517,47.70867531331814,0.25806451612903225,0.11846582121868234,Wildcat
1987-11-01,150.93333333333334,82.6131436841951,0.2,0.13648409893992933,Wildcat
1987-12-01,1037.741935483871,55.94610628408946,0.5483870967741935,0.24255517562946846,Wildcat
1988-01-01,589.0967741935484,37.37835178458475,0.3870967741935484,0.17796517358449238,Wildcat
1988-02-01,1806.5862068965516,40.44333567263077,0.41379310344827586,0.228665228760665,Wildcat
1988-03-01,794.7096774193549,50.9096813698391,0.25806451612903225,0.1565189154083455,Wildcat
1988-04-01,1546.7,101.78266141946159,0.3333333333333333,0.23505958923299067,Wildcat
1988-05-01,270.35483870967744,18.08365843833922,0.41935483870967744,0.03305094857415583,Wildcat
1988-06-01,130.2,20.88287328443491,0.4666666666666667,0.02534562211981567,Wildcat
1988-07-01,105.90322580645162,25.08880247131364,0.3225806451612903,0.1184891867194639,Wildcat
1988-08-01,137.96774193548387,43.731557393569446,0.2903225806451613,0.16132803366845921,Wildcat
1988-09-01,112.73333333333333,25.67314637035956,0.3,0.10437610881135423,Wildcat
1988-10-01,99.7741935483871,36.14425571085097,0.4838709677419355,0.10151956029744584,Wildcat
1988-11-01,436.3333333333333,78.40810587420405,0.36666666666666664,0.3333842627960275,Wildcat
1988-12-01,239.67741935483872,52.93040618560126,0.2903225806451613,0.10578734858681023,Wildcat
1989-01-01,745.3870967741935,65.28032423677655,0.3870967741935484,0.22863201627212534,Wildcat
1989-02-01,359.9642857142857,27.94523500251026,0.32142857142857145,0.06865760492112313,Wildcat
1989-03-01,476.2258064516129,25.240948966082215,0.3870967741935484,0.09693151798414956,Wildcat
1989-04-01,902.3666666666667,59.24437167018722,0.3,0.19589228325514388,Wildcat
1989-05-01,2129.9032258064517,167.6829398311438,0.1935483870967742,0.46359822496857345,Wildcat
1989-06-01,1500.3666666666666,110.81597351185646,0.3,0.2971273688653885,Wildcat
1989-07-01,306.48387096774195,39.865474971218276,0.3548387096774194,0.16861383012314493,Wildcat
1989-08-01,520.1290322580645,174.47943203631203,0.16129032258064516,0.35983626891590176,Wildcat
1989-09-01,2546.2,114.50720372563323,0.26666666666666666,0.3239467965333962,Wildcat
1989-10-01,339.35483870967744,32.8481641662498,0.3548387096774194,0.07984790874524715,Wildcat
1989-11-01,521.0333333333333,63.868952239778466,0.26666666666666666,0.16512059369202226,Wildcat
1989-12-01,275.6774193548387,32.16533897240116,0.4838709677419355,0.07149543646150246,Wildcat
1990-01-01,689.2903225806451,33.87692149632529,0.3225806451612903,0.14961624859603145,Wildcat
1990-02-01,2715.8928571428573,56.2014104130104,0.39285714285714285,0.29936221973831284,Wildcat
1990-03-01,1846.0,127.0553278169844,0.1935483870967742,0.3532310488239611,Wildcat
1990-04-01,866.8333333333334,36.593933596431796,0.26666666666666666,0.12866756393001347,Wildcat
1990-05-01,1864.1935483870968,112.3595820664624,0.25806451612903225,0.34137394012804984,Wildcat
1990-06-01,885.8,90.477723445521,0.2,0.25626552269135244,Wildcat
1990-07-01,583.5483870967741,62.24189692424689,0.3870967741935484,0.21343283582089553,Wildcat
1990-08-01,667.258064516129,124.45614364134153,0.22580645161290322,0.40725163161711386,Wildcat
1990-09-01,196.3,21.97566485202954,0.36666666666666664,0.055697062319578876,Wildcat
1990-10-01,1060.6129032258063,106.36172849264587,0.3225806451612903,0.3076127619453146,Wildcat
1990-11-01,662.7666666666667,87.56075448568316,0.26666666666666666,0.26469848614394204,Wildcat
1990-12-01,2474.1290322580644,143.76781210579685,0.1935483870967742,0.33672325223604266,Wildcat
1991-01-01,1935.774193548387,124.8309687100475,0.25806451612903225,0.2834241530437101,Wildcat
1991-02-01,982.5,39.30533605910368,0.42857142857142855,0.15961468556888403,Wildcat
1991-03-01,2107.2580645161293,73.17015119730273,0.5161290322580645,0.19361653272101034,Wildcat
1991-04-01,917.3333333333334,43.028061209249394,0.3333333333333333,0.14513081395348837,Wildcat
1991-05-01,526.7741935483871,18.77634715229766,0.5483870967741935,0.10263319044703001,Wildcat
1991-06-01,478.3333333333333,71.926378712554,0.26666666666666666,0.17386759581881533,Wildcat
1991-07-01,162.03225806451613,40.867211714672294,0.45161290322580644,0.09755126418475014,Wildcat
1991-08-01,105.54838709677419,22.18535918263748,0.3225806451612903,0.09749388753056235,Wildcat
1991-09-01,108.76666666666667,32.52869719829662,0.3333333333333333,0.10848912044131168,Wildcat
1991-10-01,247.6451612903226,112.51108290983333,0.1935483870967742,0.27471668620554907,Wildcat
1991-11-01,316.6,89.56468080828022,0.36666666666666664,0.23626026531901453,Wildcat
1991-12-01,399.48387096774195,31.12444592504453,0.3225806451612903,0.12168927648578812,Wildcat
1992-01-01,383.80645161290323,31.907036459095117,0.41935483870967744,0.11556564128424945,Wildcat
1992-02-01,689.2068965517242,47.3761950614323,0.3793103448275862,0.1350878070745985,Wildcat
1992-03-01,822.1290322580645,42.51855805540283,0.41935483870967744,0.1226555756101389,Wildcat
1992-04-01,1734.9,98.08210677376834,0.26666666666666666,0.22212615520587162,Wildcat
1992-05-01,415.0967741935484,22.803185778203368,0.3548387096774194,0.05976064656512278,Wildcat
1992-06-01,612.5666666666667,118.26074329576197,0.2,0.295532459052076,Wildcat
1992-07-01,2968.064516129032,121.34409191087059,0.25806451612903225,0.3216824258232801,Wildcat
1992-08-01,642.9354838709677,115.87351484990494,0.22580645161290322,0.20410415934975665,Wildcat
1992-09-01,716.4333333333333,93.1129096963633,0.4,0.35057925836318804,Wildcat
1992-10-01,437.0,34.94217484171156,0.3870967741935484,0.10459880416328339,Wildcat
1992-11-01,3962.6666666666665,90.10906482753369,0.3,0.3843371467025572,Wildcat
1992-12-01,710.9354838709677,21.68262579169719,0.41935483870967744,0.08303462044557376,Wildcat
1993-01-01,2720.3870967741937,94.73151817835902,0.3225806451612903,0.3336811649196035,Wildcat
1993-02-01,670.7857142857143,18.24196122345312,0.32142857142857145,0.06218720051112767,Wildcat
1993-03-01,2331.3548387096776,56.789687276449165,0.3870967741935484,0.19205224706663715,Wildcat
1993-04-01,2227.6666666666665,59.297458594955835,0.3333333333333333,0.27981445458626364,Wildcat
1993-05-01,1001.516129032258,51.07503424629931,0.41935483870967744,0.21370824878410152,Wildcat
1993-06-01,800.1666666666666,25.49610568515411,0.36666666666666664,0.14963549260570713,Wildcat
1993-07-01,1813.9354838709678,95.49689045562977,0.2903225806451613,0.35095675060463793,Wildcat
1993-08-01,295.0,65.3731838355712,0.16129032258064516,0.2412247129579005,Wildcat
1993-09-01,528.0333333333333,65.19989941274073,0.3333333333333333,0.32037118868758285,Wildcat
1993-10-01,629.0,55.308398935491276,0.2903225806451613,0.20149751269295862,Wildcat
1993-11-01,2069.233333333333,106.58829995960022,0.3333333333333333,0.27807400486492584,Wildcat
1993-12-01,989.9354838709677,35.52436590538525,0.41935483870967744,0.09847497393117831,Wildcat
1994-01-01,949.3548387096774,150.25780923418952,0.25806451612903225,0.34420659191301395,Wildcat
1994-02-01,658.0,58.78854193555861,0.39285714285714285,0.1818280503690838,Wildcat
1994-03-01,553.741935483871,43.66374606844143,0.41935483870967744,0.1118490038448095,Wildcat
1994-04-01,1999.2666666666667,128.32582381252456,0.26666666666666666,0.3769382106772483,Wildcat
1994-05-01,849.5806451612904,58.15621960496644,0.3870967741935484,0.1754565819949121,Wildcat
1994-06-01,657.0333333333333,96.03191463984031,0.3,0.4965247831160266,Wildcat
1994-07-01,431.03225806451616,56.99287741921418,0.3870967741935484,0.2986079928154468,Wildcat
1994-08-01,345.19354838709677,80.75962694959465,0.22580645161290322,0.31632557704887393,Wildcat
1994-09-01,158.26666666666668,11.417827505593909,0.5,0.030539174389216512,Wildcat
1994-10-01,150.67741935483872,18.491969209104482,0.41935483870967744,0.048811817597944764,Wildcat
1994-11-01,280.03333333333336,38.78881420329378,0.3333333333333333,0.16283775740983217,Wildcat
1994-12-01,353.2258064516129,37.36605303210706,0.41935483870967744,0.13214611872146118,Wildcat
1995-01-01,509.6774193548387,87.29737450135535,0.22580645161290322,0.22177215189873417,Wildcat
1995-02-01,258.0357142857143,21.936830231412813,0.21428571428571427,0.03875432525951557,Wildcat
1995-03-01,1085.0,119.59454959738696,0.25806451612903225,0.28723056340121894,Wildcat
1995-04-01,698.0,52.10360604370619,0.43333333333333335,0.15649474689589302,Wildcat
1995-05-01,1397.225806451613,74.7169621698461,0.4838709677419355,0.2910144526019301,Wildcat
1995-06-01,584.2666666666667,70.10413360439122,0.3333333333333333,0.17828617069831126,Wildcat
1995-07-01,419.83870967741933,83.36868441815753,0.25806451612903225,0.3306953515174798,Wildcat
1995-08-01,181.03225806451613,62.97777190444583,0.2903225806451613,0.2419814682822523,Wildcat
1995-09-01,89.23333333333333,8.573570416437969,0.43333333333333335,0.040717220769518114,Wildcat
1995-10-01,100.29032258064517,17.040862099309113,0.45161290322580644,0.1013187520102927,Wildcat
1995-11-01,138.93333333333334,18.610564980026453,0.43333333333333335,0.08085412667946257,Wildcat
1995-12-01,105.93548387096774,17.639772847607386,0.6451612903225806,0.0715590742996346,Wildcat
1996-01-01,586.0967741935484,110.91872833321943,0.3548387096774194,0.33259948263525785,Wildcat
1996-02-01,273.6896551724138,32.238965218750685,0.4482758620689655,0.10041577422199824,Wildcat
1996-03-01,523.6774193548387,48.019284985963914,0.3225806451612903,0.2194776395219909,Wildcat
1996-04-01,830.0333333333333,82.17533677794067,0.36666666666666664,0.25203807076021045,Wildcat
1996-05-01,2465.1290322580644,63.48037234244328,0.3870967741935484,0.26503879925149504,Wildcat
1996-06-01,1175.7333333333333,54.913427871267416,0.3333333333333333,0.30831821274665455,Wildcat
1996-07-01,912.3870967741935,121.94535344203332,0.25806451612903225,0.3318483948522133,Wildcat
1996-08-01,233.5483870967742,47.36660378146807,0.3548387096774194,0.13259668508287292,Wildcat
1996-09-01,152.0,20.81378233765212,0.43333333333333335,0.11118421052631579,Wildcat
1996-10-01,133.19354838709677,14.707789102035877,0.4838709677419355,0.06369581012351659,Wildcat
1996-11-01,420.3666666666667,78.60259668548261,0.3333333333333333,0.2569978590119737,Wildcat
1996-12-01,1781.9032258064517,62.182522866145376,0.3548387096774194,0.2531906804974746,Wildcat
1997-01-01,1123.3870967741937,77.10115554122868,0.45161290322580644,0.2676238334529792,Wildcat
1997-02-01,2276.464285714286,127.7292295355535,0.25,0.3668596350857376,Wildcat
1997-03-01,2898.6451612903224,84.77968165579574,0.25806451612903225,0.272752565158361,Wildcat
1997-04-01,536.3666666666667,26.127777406860158,0.43333333333333335,0.05263812068858368,Wildcat
1997-05-01,617.1935483870968,52.333905450920916,0.41935483870967744,0.2220247739507657,Wildcat
1997-06-01,1934.7,83.42749162441643,0.3333333333333333,0.32912940852156236,Wildcat
1997-07-01,342.5806451612903,32.38374914855597,0.45161290322580644,0.1571563088512241,Wildcat
1997-08-01,162.74193548387098,24.8608363179359,0.3225806451612903,0.13954410307234885,Wildcat
1997-09-01,116.9,42.085497357351976,0.23333333333333334,0.16909039064727688,Wildcat
1997-10-01,90.51612903225806,16.11324531012301,0.45161290322580644,0.05523877405559515,Wildcat
1997-11-01,120.2,10.4102874214625,0.4,0.058790904048807546,Wildcat
1997-12-01,130.48387096774192,14.279981541958724,0.41935483870967744,0.07515451174289246,Wildcat
1998-01-01,352.96774193548384,85.44486916067794,0.25806451612903225,0.23359532078230671,Wildcat
1998-02-01,293.17857142857144,48.4746670583674,0.35714285714285715,0.1193811670118163,Wildcat
1998-03-01,2207.064516129032,78.8003235171977,0.41935483870967744,0.3245297358920768,Wildcat
1998-04-01,1596.0666666666666,70.7950189751942,0.3333333333333333,0.2064867800008354,Wildcat
1998-05-01,1583.0645161290322,71.20360310163814,0.41935483870967744,0.2979113601630158,Wildcat
1998-06-01,3516.6666666666665,134.64497943135683,0.3333333333333333,0.3087014218009479,Wildcat
1998-07-01,1661.9032258064517,101.3100194141296,0.25806451612903225,0.4110716434713407,Wildcat
1998-08-01,902.0,131.02723323749495,0.25806451612903225,0.3487232672913239,Wildcat
1998-09-01,144.96666666666667,16.513337475882185,0.4,0.04138882501724534,Wildcat
1998-10-01,232.32258064516128,64.28533166476923,0.1935483870967742,0.17925576228825327,Wildcat
1998-11-01,344.96666666666664,71.66402266084707,0.23333333333333334,0.20630012561600156,Wildcat
1998-12-01,215.3548387096774,9.341437207844253,0.3225806451612903,0.03310365488316357,Wildcat
1999-01-01,2342.2258064516127,169.89761519722927,0.22580645161290322,0.39466181878279555,Wildcat
1999-02-01,1357.75,61.11727644382795,0.42857142857142855,0.18302338427545572,Wildcat
1999-03-01,982.3548387096774,38.66323665994589,0.4838709677419355,0.12993793714904936,Wildcat
1999-04-01,1150.1333333333334,75.70358998625885,0.43333333333333335,0.24162415951773708,Wildcat
1999-05-01,638.6451612903226,34.00682719974901,0.3870967741935484,0.14420648550358622,Wildcat
1999-06-01,657.7333333333333,82.70187179880362,0.3,0.2613014392864383,Wildcat
1999-07-01,159.41935483870967,25.205156727352986,0.3548387096774194,0.11675435046539863,Wildcat
1999-08-01,107.90322580645162,29.637232347732567,0.25806451612903225,0.12137518684603886,Wildcat
1999-09-01,68.76666666666667,26.57547656142296,0.23333333333333334,0.058167716917111006,Wildcat
1999-10-01,100.25806451612904,15.482004525038533,0.45161290322580644,0.07915057915057915,Wildcat
1999-11-01,90.4,5.857755703462065,0.36666666666666664,0.02765486725663717,Wildcat
1999-12-01,105.35483870967742,13.160230792798657,0.45161290322580644,0.08052663808940601,Wildcat
2000-01-01,89.6774193548387,23.17419812546216,0.41935483870967744,0.06079136690647482,Wildcat
2000-02-01,151.56896551724137,56.0579285370396,0.41379310344827586,0.17395063132749403,Wildcat
2000-03-01,196.1290322580645,20.872970286730165,0.45161290322580644,0.062171052631578946,Wildcat
2000-04-01,145.76666666666668,8.430404880386751,0.5333333333333333,0.03270066316030185,Wildcat
2000-05-01,598.9354838709677,84.25002121912881,0.3548387096774194,0.3406581569451177,Wildcat
2000-06-01,1108.3333333333333,121.89459828383391,0.3,0.4519699248120301,Wildcat
2000-07-01,335.741935483871,54.50386870114997,0.41935483870967744,0.13172559569561876,Wildcat
2000-08-01,121.80645161290323,12.331791228028226,0.45161290322580644,0.05349576271186441,Wildcat
2000-09-01,124.83333333333333,20.088023607667925,0.4,0.10921228304405875,Wildcat
2000-10-01,172.83870967741936,41.977294179452095,0.41935483870967744,0.10731616274729376,Wildcat
2000-11-01,147.56666666666666,21.716989825637047,0.5333333333333333,0.07138016715608764,Wildcat
2000-12-01,293.35483870967744,71.10799544389297,0.3548387096774194,0.2056300857708379,Wildcat
2001-01-01,312.7741935483871,105.01473769439696,0.25806451612903225,0.2744430693069307,Wildcat
2001-02-01,1975.9642857142858,63.65466455183736,0.42857142857142855,0.32779655502738264,Wildcat
2001-03-01,523.0,55.40951516600761,0.25806451612903225,0.08653549620674768,Wildcat
2001-04-01,833.2333333333333,92.5338958318109,0.26666666666666666,0.24566948033764052,Wildcat
2001-05-01,588.516129032258,84.32484441375196,0.3548387096774194,0.2398048673536505,Wildcat
2001-06-01,506.93333333333334,41.248293727655735,0.36666666666666664,0.17951078379800106,Wildcat
2001-07-01,409.19354838709677,59.48814211650964,0.41935483870967744,0.33433188805675995,Wildcat
2001-08-01,229.3548387096774,51.584526642454954,0.3225806451612903,0.21926863572433192,Wildcat
2001-09-01,307.23333333333335,46.91756584761866,0.3333333333333333,0.2502983617229033,Wildcat
2001-10-01,1792.483870967742,88.82198167948539,0.3548387096774194,0.2762610902154156,Wildcat
2001-11-01,505.96666666666664,40.91672374113337,0.26666666666666666,0.10817576915475327,Wildcat
2001-12-01,1305.8064516129032,94.53535113583274,0.3225806451612903,0.27529644268774706,Wildcat
2002-01-01,355.2258064516129,58.6067353532183,0.3548387096774194,0.12985833636033417,Wildcat
2002-02-01,1427.607142857143,85.82951917039196,0.32142857142857145,0.21637105045905985,Wildcat
2002-03-01,1169.741935483871,76.20431048166316,0.25806451612903225,0.24325740444542496,Wildcat
2002-04-01,2046.9666666666667,74.35863085713798,0.26666666666666666,0.3371818463091729,Wildcat
2002-05-01,1835.1612903225807,82.89303156424674,0.2903225806451613,0.2385480752329056,Wildcat
2002-06-01,840.5666666666667,67.97319314794535,0.3,0.363088392750922,Wildcat
2002-07-01,259.1290322580645,24.162644905654467,0.45161290322580644,0.12075189841902154,Wildcat
2002-08-01,267.96774193548384,66.72374546597698,0.2903225806451613,0.28072709762850606,Wildcat
2002-09-01,133.86666666666667,31.965667133785043,0.4,0.14711155378486054,Wildcat
2002-10-01,112.04516129032257,10.39557783063461,0.3870967741935484,0.038751655438475266,Wildcat
2002-11-01,218.5,74.96869739100495,0.2,0.23295194508009154,Wildcat
2002-12-01,179.93548387096774,40.37063498685576,0.3870967741935484,0.10989602007888132,Wildcat
2003-01-01,398.7096774193548,71.21608932322914,0.3870967741935484,0.15889967637540453,Wildcat
2003-02-01,319.9642857142857,57.0851093982347,0.32142857142857145,0.2527067753097444,Wildcat
2003-03-01,1044.0645161290322,59.2088414166572,0.45161290322580644,0.2413026014953964,Wildcat
2003-04-01,446.7,34.606477828316095,0.43333333333333335,0.09163495261547645,Wildcat
2003-05-01,1656.1612903225807,87.87348434749981,0.3870967741935484,0.2392824448296683,Wildcat
2003-06-01,600.6,93.532891155123,0.23333333333333334,0.2615717615717616,Wildcat
2003-07-01,4318.4838709677415,130.82565637186207,0.25806451612903225,0.31825685537785814,Wildcat
2003-08-01,325.03225806451616,68.92591828815739,0.3548387096774194,0.1572052401746725,Wildcat
2003-09-01,2211.9666666666667,112.93745936565674,0.3333333333333333,0.3693847104386745,Wildcat
2003-10-01,705.2903225806451,44.84227995964008,0.3225806451612903,0.11617270398829126,Wildcat
2003-11-01,804.1666666666666,56.98551966631512,0.4666666666666667,0.18304663212435232,Wildcat
2003-12-01,1241.7096774193549,66.33266822483108,0.3548387096774194,0.24814901410646092,Wildcat
2004-01-01,1711.3870967741937,138.29195292529923,0.1935483870967742,0.3663506305015739,Wildcat
2004-02-01,533.6551724137931,67.7373688938283,0.3448275862068966,0.1613466011889377,Wildcat
2004-03-01,1351.6774193548388,67.07869240974888,0.41935483870967744,0.25428380506897047,Wildcat
2004-04-01,718.6,63.41988564538684,0.23333333333333334,0.11786807681603118,Wildcat
2004-05-01,555.9032258064516,41.06987517659297,0.3548387096774194,0.15650206000116057,Wildcat
2004-06-01,2794.6,129.55073644751008,0.3,0.46989431999809156,Wildcat
2004-07-01,572.3548387096774,77.39261654805603,0.25806451612903225,0.27329087527475626,Wildcat
2004-08-01,299.8709677419355,34.260983815633665,0.2903225806451613,0.16792168674698796,Wildcat
2004-09-01,261.8333333333333,60.95684922139913,0.3,0.19987269255251433,Wildcat
2004-10-01,246.2258064516129,45.450512138820926,0.5161290322580645,0.130355037337875,Wildcat
2004-11-01,751.9333333333333,80.95599204348028,0.3333333333333333,0.18060111712031207,Wildcat
2004-12-01,1300.3225806451612,75.71315550981925,0.3548387096774194,0.2168196477300918,Wildcat
2005-01-01,4615.4838709677415,106.85031036710635,0.3225806451612903,0.350398378529494,Wildcat
2005-02-01,1824.4642857142858,66.91033604926886,0.35714285714285715,0.2164236077126358,Wildcat
2005-03-01,581.7741935483871,22.234215954776896,0.5483870967741935,0.05533684502356529,Wildcat
2005-04-01,709.7333333333333,59.30068773231786,0.26666666666666666,0.14902310727033627,Wildcat
2005-05-01,410.38709677419354,28.171497346462303,0.3870967741935484,0.07042917780223236,Wildcat
2005-06-01,368.53333333333336,58.34424740805346,0.26666666666666666,0.2304630969609262,Wildcat
2005-07-01,249.58064516129033,33.64958252119622,0.3225806451612903,0.2133902029210288,Wildcat
2005-08-01,151.83870967741936,38.33712296379039,0.2903225806451613,0.1338432122370937,Wildcat
2005-09-01,193.05,104.79458293216881,0.2,0.29829923163256494,Wildcat
2005-10-01,188.03225806451613,40.217609674883235,0.25806451612903225,0.0857780065191285,Wildcat
2005-11-01,338.93333333333334,91.16907705651782,0.3333333333333333,0.2747836349331235,Wildcat
2005-12-01,412.83870967741933,131.79089321016983,0.1935483870967742,0.16994842944210034,Wildcat
2006-01-01,1137.032258064516,39.991573425180896,0.5161290322580645,0.17788243304584658,Wildcat
2006-02-01,813.7857142857143,42.998738867833175,0.42857142857142855,0.18502589309224962,Wildcat
2006-03-01,726.741935483871,75.21072779410495,0.2903225806451613,0.18212082205157798,Wildcat
2006-04-01,1423.8,115.44824323563141,0.26666666666666666,0.2991993257479983,Wildcat
2006-05-01,1473.5806451612902,81.5994079869441,0.3225806451612903,0.18668593069328604,Wildcat
2006-06-01,627.8333333333334,38.696618411411244,0.4,0.23668701884788956,Wildcat
2006-07-01,688.7741935483871,149.96391308905206,0.1935483870967742,0.5024822030723117,Wildcat
2006-08-01,237.5483870967742,52.1067699520486,0.25806451612903225,0.19486692015209126,Wildcat
2006-09-01,351.93333333333334,68.64323375729445,0.36666666666666664,0.26112900170486836,Wildcat
2006-10-01,936.4516129032259,95.23519878233135,0.2903225806451613,0.3128832242507751,Wildcat
2006-11-01,1304.8,90.43381608931435,0.23333333333333334,0.30903842223584715,Wildcat
2006-12-01,2155.7419354838707,70.55259739036126,0.3225806451612903,0.24881786077691986,Wildcat
2007-01-01,2434.451612903226,85.86859234503645,0.3225806451612903,0.2766735570042932,Wildcat
2007-02-01,655.1785714285714,126.73288597338765,0.14285714285714285,0.2485145816298719,Wildcat
2007-03-01,3070.8064516129034,81.86772892816575,0.3225806451612903,0.3505436209884973,Wildcat
2007-04-01,1111.8333333333333,32.20503106892478,0.43333333333333335,0.14750412232049168,Wildcat
2007-05-01,513.9677419354839,30.59138890006553,0.41935483870967744,0.06721897947655808,Wildcat
2007-06-01,261.03333333333336,33.05325396667355,0.4666666666666667,0.11071382965138551,Wildcat
2007-07-01,170.48387096774192,29.04808436032289,0.41935483870967744,0.10350047303689688,Wildcat
2007-08-01,153.60645161290324,58.972636891769085,0.3225806451612903,0.20824058129278844,Wildcat
2007-09-01,119.10000000000001,59.123430087254405,0.23333333333333334,0.1858942065491184,Wildcat
2007-10-01,115.1032258064516,30.916900876671765,0.45161290322580644,0.11812678661510005,Wildcat
2007-11-01,452.4,106.65661047022554,0.3333333333333333,0.2841143530798703,Wildcat
2007-12-01,1777.483870967742,73.59371295800791,0.3548387096774194,0.31027911872527314,Wildcat
2008-01-01,1240.9354838709678,100.22230720793135,0.2903225806451613,0.2497595466479503,Wildcat
2008-02-01,2139.655172413793,123.48091545692104,0.2413793103448276,0.3663980660757454,Wildcat
2008-03-01,2092.2580645161293,51.382857590162935,0.41935483870967744,0.297718162195498,Wildcat
2008-04-01,1260.4333333333334,73.6354207681323,0.3333333333333333,0.2022320366011689,Wildcat
2008-05-01,1153.3225806451612,87.76958248894736,0.3225806451612903,0.2867451682376304,Wildcat
2008-06-01,1540.3,62.98187435601966,0.43333333333333335,0.2540630613084031,Wildcat
2008-07-01,755.258064516129,63.18912429715869,0.41935483870967744,0.19954726006919232,Wildcat
2008-08-01,296.741935483871,88.13518707011976,0.25806451612903225,0.26231112077399715,Wildcat
2008-09-01,151.7,21.931582298794982,0.4666666666666667,0.0942649967040211,Wildcat
2008-10-01,122.98709677419355,19.954895772016798,0.41935483870967744,0.10200388186539368,Wildcat
2008-11-01,136.33333333333334,22.0472851304996,0.3,0.06234718826405868,Wildcat
2008-12-01,983.0967741935484,148.10147031779644,0.2903225806451613,0.45409502559390996,Wildcat
2009-01-01,384.19354838709677,78.60608166832657,0.3225806451612903,0.10923593618807724,Wildcat
2009-02-01,2064.0714285714284,139.09440636690132,0.21428571428571427,0.4043845381873551,Wildcat
2009-03-01,1305.8387096774193,96.10170015819666,0.2903225806451613,0.2812677552432005,Wildcat
2009-04-01,2481.4333333333334,63.19169956430311,0.36666666666666664,0.333060193705251,Wildcat
2009-05-01,2632.1935483870966,86.02227812065976,0.3225806451612903,0.3516507757543077,Wildcat
2009-06-01,1220.0333333333333,60.1517446494221,0.3333333333333333,0.29113958635009973,Wildcat
2009-07-01,271.1290322580645,21.491369167995177,0.41935483870967744,0.03771564544913742,Wildcat
2009-08-01,178.8709677419355,24.237670320604977,0.3870967741935484,0.10820559062218214,Wildcat
2009-09-01,108.80666666666667,12.724703935954363,0.5333333333333333,0.03869248207830403,Wildcat
2009-10-01,259.31935483870967,75.15046871269374,0.3548387096774194,0.3124930027740114,Wildcat
2009-11-01,449.6,37.09794830522972,0.5,0.10142348754448399,Wildcat
2009-12-01,1098.5806451612902,49.90413989532765,0.3548387096774194,0.2563131313131313,Wildcat
2010-01-01,1024.6129032258063,97.44317069734775,0.25806451612903225,0.24106664987564147,Wildcat
2010-02-01,617.5714285714286,41.898945540160234,0.39285714285714285,0.10345824658801758,Wildcat
2010-03-01,1936.0,68.1323438917166,0.25806451612903225,0.2690949080245268,Wildcat
2010-04-01,771.2666666666667,49.91855095734109,0.36666666666666664,0.1533408246175123,Wildcat
2010-05-01,1000.5806451612904,73.74809835424689,0.3548387096774194,0.2807079760139274,Wildcat
2010-06-01,3376.4666666666667,88.24699127526394,0.3333333333333333,0.36969613205125673,Wildcat
2010-07-01,602.258064516129,49.219106987031374,0.3548387096774194,0.17514729512587038,Wildcat
2010-08-01,440.51612903225805,61.91718483281564,0.41935483870967744,0.20013181019332163,Wildcat
2010-09-01,144.99666666666664,31.989808952411536,0.3,0.08602496609117452,Wildcat
2010-10-01,98.41290322580646,9.36299953421705,0.41935483870967744,0.05277304313622655,Wildcat
2010-11-01,231.64333333333335,124.83306809088934,0.23333333333333334,0.33433583238599573,Wildcat
2010-12-01,199.38709677419354,49.17819582369704,0.3548387096774194,0.11923636951949523,Wildcat
2011-01-01,477.0967741935484,115.58120741349389,0.22580645161290322,0.20128465179175117,Wildcat
2011-02-01,1501.4642857142858,114.77002197214831,0.42857142857142855,0.3160010465973692,Wildcat
2011-03-01,2023.7096774193549,78.49304173722383,0.41935483870967744,0.2135809356818363,Wildcat
2011-04-01,2695.766666666667,108.05052090002101,0.3333333333333333,0.28898396250911923,Wildcat
2011-05-01,2299.1612903225805,92.78513885111911,0.25806451612903225,0.27033700928809945,Wildcat
2011-06-01,1832.6666666666667,64.94524533596285,0.36666666666666664,0.3453801382320844,Wildcat
2011-07-01,562.1612903225806,108.05422061828587,0.2903225806451613,0.3486543868709474,Wildcat
2011-08-01,209.8709677419355,40.13764354193018,0.3548387096774194,0.14632646787580694,Wildcat
2011-09-01,191.13333333333333,82.15772437272351,0.16666666666666666,0.2504359958144402,Wildcat
2011-10-01,232.6451612903226,74.71057525580959,0.22580645161290322,0.2382140876317249,Wildcat
2011-11-01,810.9,195.58982922007027,0.2,0.4444444444444444,Wildcat
2011-12-01,3087.0967741935483,62.94094124088292,0.3870967741935484,0.2861024033437827,Wildcat
2012-01-01,2157.935483870968,80.63729492600801,0.3548387096774194,0.36991748385553697,Wildcat
2012-02-01,823.4137931034483,33.93276790172221,0.3793103448275862,0.0801122325055488,Wildcat
2012-03-01,710.4193548387096,45.89212814598652,0.3548387096774194,0.1735458384416292,Wildcat
2012-04-01,316.1666666666667,26.57152228903456,0.3,0.06220347917764892,Wildcat
2012-05-01,414.258064516129,57.57456966928805,0.3225806451612903,0.17917769817785392,Wildcat
2012-06-01,144.1,25.358937376920878,0.3333333333333333,0.0566736062919269,Wildcat
2012-07-01,117.98064516129031,43.97591644587662,0.3548387096774194,0.206786241592388,Wildcat
2012-08-01,133.46451612903223,33.55088454820408,0.3870967741935484,0.17987141683182678,Wildcat
2012-09-01,227.46666666666667,71.81708210926635,0.26666666666666666,0.2492672919109027,Wildcat
2012-10-01,358.16129032258067,82.34099149197748,0.3548387096774194,0.21327569125461587,Wildcat
2012-11-01,281.5,17.69147514717767,0.36666666666666664,0.04381290704558911,Wildcat
2012-12-01,427.0967741935484,69.72503341012235,0.3548387096774194,0.17847432024169185,Wildcat
2013-01-01,1775.4516129032259,128.19762167529862,0.2903225806451613,0.3491524191936627,Wildcat
2013-02-01,980.2142857142857,93.02672801215415,0.21428571428571427,0.2640821977701669,Wildcat
2013-03-01,1224.1290322580646,53.47226039421508,0.3870967741935484,0.19289554126699696,Wildcat
2013-04-01,4945.566666666667,103.07163422413481,0.4,0.37458464483341986,Wildcat
2013-05-01,975.1290322580645,53.34478944172899,0.3225806451612903,0.14588640047636375,Wildcat
2013-06-01,1725.0,90.33228471790817,0.3333333333333333,0.2907053140096618,Wildcat
2013-07-01,381.48387096774195,58.77164644002909,0.3870967741935484,0.16556739387789615,Wildcat
2013-08-01,172.2258064516129,34.080972137758266,0.3548387096774194,0.12118374227383405,Wildcat
2013-09-01,140.48333333333332,53.284065092346836,0.2,0.20953849804247243,Wildcat
2013-10-01,120.44193548387098,40.85724703676703,0.22580645161290322,0.1376114845863353,Wildcat
2013-11-01,182.6,37.30551700756256,0.4,0.1569916027747353,Wildcat
2013-12-01,709.2903225806451,170.91130918360025,0.22580645161290322,0.38839366927414953,Wildcat
2014-01-01,728.516129032258,111.04242888604772,0.25806451612903225,0.2589443854055969,Wildcat
2014-02-01,1647.0,128.3545585623993,0.25,0.358205395090641,Wildcat
2014-03-01,1314.6451612903227,86.87413300684842,0.22580645161290322,0.2206654561515434,Wildcat
2014-04-01,1797.9333333333334,109.92636782448373,0.3,0.33188104861136863,Wildcat
2014-05-01,1097.6129032258063,88.25779535891472,0.3225806451612903,0.22062540410274495,Wildcat
2014-06-01,690.5,54.07001675493175,0.3333333333333333,0.2634322954380883,Wildcat
2014-07-01,196.5483870967742,31.971731673430227,0.45161290322580644,0.06843919251600197,Wildcat
2014-08-01,409.8935483870968,158.61848110171067,0.22580645161290322,0.47658321987612834,Wildcat
2014-09-01,501.5,99.30809616381268,0.23333333333333334,0.3107344632768362,Wildcat
2014-10-01,866.5483870967741,63.579686477217635,0.3225806451612903,0.26635148717566914,Wildcat
2014-11-01,781.7666666666667,122.70665303691803,0.23333333333333334,0.29062380079307554,Wildcat
2014-12-01,865.2903225806451,35.238838758397264,0.41935483870967744,0.1412913808529675,Wildcat
2015-01-01,862.516129032258,48.5768358621339,0.3870967741935484,0.17630338843593388,Wildcat
2015-02-01,742.25,72.6054432639672,0.25,0.2288408795650291,Wildcat
2015-03-01,1247.1612903225807,61.47872467105328,0.45161290322580644,0.25280637318297033,Wildcat
2015-04-01,1394.4545454545455,67.64263516918069,0.26666666666666666,,Wildcat
2015-05-01,,,0.0,,Wildcat
2015-06-01,4566.666666666667,44.216363999429724,0.16666666666666666,,Wildcat
2015-07-01,1966.1612903225807,69.67908093041125,0.3870967741935484,0.27635313612574036,Wildcat
2015-08-01,328.48387096774195,32.291275982629614,0.45161290322580644,0.08592752626927232,Wildcat
2015-09-01,173.16666666666666,28.551148059899408,0.26666666666666666,0.0956689124157844,Wildcat
2015-10-01,146.70967741935485,21.944999606749445,0.2903225806451613,0.052330694810905895,Wildcat
2015-11-01,198.03333333333333,45.09973162434313,0.13333333333333333,0.107725972058576,Wildcat
2015-12-01,1513.6129032258063,186.89553566368022,0.16129032258064516,0.3621968373044627,Wildcat
2016-01-01,1086.4193548387098,59.8710903881736,0.3870967741935484,0.1775884082068945,Wildcat
2016-02-01,612.6896551724138,82.84930299807375,0.1724137931034483,0.1705312922107159,Wildcat
2016-03-01,992.9032258064516,54.58430570694128,0.3225806451612903,0.21000649772579597,Wildcat
2016-04-01,1356.7333333333333,57.31694257062463,0.3333333333333333,0.2536239005454277,Wildcat
2016-05-01,899.6451612903226,62.82031794676396,0.3870967741935484,0.15504320699917531,Wildcat
2016-06-01,711.1666666666666,96.92822960454443,0.3333333333333333,0.3695336301851418,Wildcat
2016-07-01,586.9677419354839,69.71415190413092,0.2903225806451613,0.2927016926797098,Wildcat
2016-08-01,195.67741935483872,29.44536459398875,0.3870967741935484,0.15661061655126937,Wildcat
2016-09-01,241.4,81.21625686139532,0.2,0.37696768848384427,Wildcat
2016-10-01,179.96774193548387,22.79788482765118,0.3870967741935484,0.1064706936727012,Wildcat
2016-11-01,237.43333333333334,72.65231416220489,0.23333333333333334,0.15583321634142916,Wildcat
2016-12-01,504.96774193548384,72.92788006613942,0.22580645161290322,0.19835185894978918,Wildcat
2017-01-01,2481.9032258064517,72.11015508674254,0.3870967741935484,0.3184730760732528,Wildcat
2017-02-01,710.9285714285714,41.93997390842755,0.35714285714285715,0.1357379684517231,Wildcat
2017-03-01,943.8709677419355,82.57862662464103,0.3225806451612903,0.30078605604921393,Wildcat
2017-04-01,1666.8,76.62470807625306,0.4,0.28445724342052636,Wildcat
2017-05-01,3639.8064516129034,79.37716016118569,0.45161290322580644,0.33605119024407537,Wildcat
2017-06-01,1210.1,85.61111813925771,0.3,0.3074126105280555,Wildcat
2017-07-01,2430.2258064516127,90.7131152481387,0.3225806451612903,0.47787939525067363,Wildcat
2017-08-01,294.2903225806452,30.143604675493275,0.3225806451612903,0.08538857831853557,Wildcat
2017-09-01,198.86666666666667,33.331918140361495,0.23333333333333334,0.1314113308749581,Wildcat
2017-10-01,173.48387096774192,22.025509309482842,0.41935483870967744,0.10096690219412421,Wildcat
2017-11-01,1167.3,144.67917982779593,0.26666666666666666,0.5294268825494731,Wildcat
2017-12-01,161.7258064516129,41.65825287763496,0.3870967741935484,0.05233868554901766,Wildcat
2018-01-01,376.6258064516129,77.8418170791602,0.3548387096774194,0.19366360039056474,Wildcat
2018-02-01,1667.142857142857,133.3771724350668,0.32142857142857145,0.2898886032562125,Wildcat
2018-03-01,1228.6451612903227,104.11043349303282,0.2903225806451613,0.2811384162990968,Wildcat
2018-04-01,1695.1666666666667,91.14306664750919,0.3333333333333333,0.3110215318061154,Wildcat
2018-05-01,377.0,13.576307523059725,0.5483870967741935,0.04423718661760931,Wildcat
2018-06-01,742.0,111.33024014903575,0.26666666666666666,0.3320305480682839,Wildcat
2018-07-01,285.2258064516129,37.94037630548714,0.41935483870967744,0.19780592626102692,Wildcat
2018-08-01,754.0645161290323,113.39608542883472,0.2903225806451613,0.4375427789185489,Wildcat
2018-09-01,1171.6,108.90100594421452,0.3,0.4420450665756231,Wildcat
2018-10-01,1149.774193548387,102.75333239443472,0.2903225806451613,0.28112111775103105,Wildcat
2018-11-01,1503.7,82.27836866775436,0.23333333333333334,0.2528208197557137,Wildcat
2018-12-01,1140.7096774193549,55.435760825737766,0.25806451612903225,0.18799841637916406,Wildcat
2019-01-01,1906.9032258064517,99.30903056271552,0.2903225806451613,0.341441959603478,Wildcat
2019-02-01,2312.0714285714284,65.74377355690073,0.32142857142857145,0.27271463437239335,Wildcat
2019-03-01,1547.032258064516,79.87751628380553,0.3225806451612903,0.3196129947036991,Wildcat
2019-04-01,2800.133333333333,62.32608594828901,0.36666666666666664,0.30858054378362937,Wildcat
2019-05-01,2391.451612903226,61.563480308699226,0.3548387096774194,0.2166318203277804,Wildcat
2019-06-01,1489.4333333333334,48.46427884098786,0.43333333333333335,0.26627576483226284,Wildcat
2019-07-01,584.3870967741935,44.72661569133427,0.41935483870967744,0.23813203797747848,Wildcat
2019-08-01,229.51612903225808,31.86346245239693,0.25806451612903225,0.14869992972593113,Wildcat
2019-09-01,158.4,14.038098485369296,0.3333333333333333,0.03808922558922559,Wildcat
